Name,Type,Protein (g),Carbs (g),Fat (g),Fiber (g),Sodium (mg),Calo (kcal),Tag
Cơm trắng,1,3,28,0.4,0.4,5,130,4
Cơm gạo lứt,1,3.5,25,1.5,2,10,120,4
Khoai lang luộc,1,2,26,0.1,4,30,112,4
Bắp luộc (Ngô),1,3.4,21,1.5,2.4,15,96,4
Miến dong luộc,1,0.1,82,0,1.5,10,332,4
Bánh mì không,1,8,45,2,2,300,230,4
Phở bò (Tô),1,18,45,12,2,900,350,0
Bún bò Huế,1,22,50,15,3,1100,420,0
Ức gà luộc,2,31,0,3.6,0,70,165,0
Thịt bò nạc xào,2,26,5,8,1,300,195,0
Thịt lợn nạc luộc,2,21,0,4,0,50,140,0
Cá hồi áp chảo,3,22,0,13,0,50,210,6
Cá lóc kho tộ,2,18,5,12,0,700,200,6
Tôm sú hấp,2,24,0,1,0,150,105,6
Mực xào cần tỏi,2,16,10,2,1,200,120,6
Đùi gà rán,3,14,10,18,0,350,260,0
Thịt ba chỉ quay,3,15,0,25,0,50,290,0
Trứng gà luộc,2,6,0.6,5,0,70,72,3
Trứng chiên bơ,3,12,1,16,0,200,195,3
Sữa chua không đường,2,3.5,4.5,1.5,0,45,60,2
Sữa tươi ít béo (1 cốc),2,8,12,2,0,100,100,2
Đậu hũ luộc,2,8,2,4,1,10,75,4
Đậu hũ chiên,3,8,4,12,1,50,160,4
Lạc rang (Đậu phộng),3,25,16,49,8,5,567,4
Rau muống luộc,1,3,4,0,3,20,30,4
Súp lơ xanh luộc,1,2.8,7,0.3,2.6,30,34,4
Bắp cải luộc,1,1.2,5.8,0.1,2.5,18,25,4
Salad quả bơ,3,2,8,15,6,10,160,4
Chuối tiêu,1,1.3,27,0.3,3,1,105,4
Táo,1,0.5,25,0.3,4.4,2,95,4
Dầu ô liu (1 muỗng),3,0,0,14,0,0,119,4
Bơ đậu phộng,3,25,20,50,6,400,588,4
Chả giò chiên (Nem),3,6,20,15,1,400,240,0
Sườn xào chua ngọt,3,15,20,18,1,600,300,0
Đậu lăng luộc (Lentils),1,9,20,0.5,8,5,116,4
Yến mạch,1,13,68,6,10,2,389,4
Bún tươi,1,1,25,0,0.5,5,110,4
Khoai tây luộc,1,2,20,0.1,1.8,10,87,4
Bí đỏ luộc,1,1,6,0.1,1.1,5,26,4
Cà chua,1,0.9,3.9,0.2,1.2,5,18,4
Dưa chuột (Dưa leo),1,0.6,3.6,0.1,0.5,2,15,4
Cà rốt luộc,1,0.8,7.1,0.2,3,40,35,4
Rau dền luộc,1,3,4,0,2.5,20,23,4
Mồng tơi luộc,1,2,3,0,1.1,15,14,4
Nấm rơm,1,3,4,0.3,2,10,32,4
Nấm kim châm,1,2.7,8,0.2,3,5,37,4
Ớt chuông,1,31.12,6,0.3,2,4,31,4
Hành tây,1,1.1,9,0.1,1.7,4,40,4
Bưởi,1,0.8,10,0.1,1.5,1,38,4
Đu đủ chín,1,0.5,11,0.3,1.7,8,43,4
Cam,1,0.9,12,0.1,2.4,0,47,4
Dưa hấu,1,0.6,8,0.2,0.4,1,30,4
Thịt vịt luộc,2,19,0,28,0,60,337,0
Giò lụa (Chả lụa),2,13,4,11,0,500,170,0
Nem chua,2,22,5,3,0,800,137,0
Gan lợn xào,2,21,4,5,0,70,165,0
Xúc xích heo,3,12,3,25,0,800,285,0
Lạp xưởng,3,14,10,40,0,900,500,0
Thịt bò viên,2,15,5,10,0.5,600,180,0
Chả quế,3,12,5,20,0,600,250,0
Chim cút quay,2,20,0,15,0,150,220,0
Mực ống hấp,2,16,3,1.5,0,250,90,6
Bạch tuộc luộc,2,15,2,31.12,0,230,82,6
Cua biển hấp,2,18,0,1.5,0,300,87,6
Nghêu luộc,2,13,3,31.12,0,400,74,6
Sò huyết nướng,2,15,2,1.5,0,350,85,6
Hàu sống,2,9,4,1.1,0,200,68,6
Cá ngừ đóng hộp,2,25,0,3,0,350,130,6
Cá rô phi phi lê,2,20,0,2,0,50,100,6
Cá thu nướng,2,19,0,12,0,90,189,6
Trứng vịt luộc,2,12,1,13,0,70,170,3
Trứng cút luộc (5 quả),2,13,0.5,11,0,140,158,3
Lòng trắng trứng luộc,2,11,0.7,0.2,0,160,52,3
Phô mai bò cười,3,11,4,24,0,800,280,2
Sữa chua Hy Lạp,2,10,4,0.5,0,35,60,2
Sữa đậu nành (1 ly),2,7,4,4,1,50,80,4
Đậu đen luộc,1,9,24,0.5,9,5,132,4
Đậu đỏ luộc,1,9,25,0.5,8,5,128,4
Đậu cove luộc,1,2,7,0.2,3,5,31,4
Hạt điều rang,3,18,30,44,3,15,553,4
Hạt hạnh nhân,3,21,22,50,12,1,579,4
Hạt dẻ nướng,1,3,53,2,5,2,245,4
Bơ lạt (Butter),3,1,0.1,81,0,10,717,2
Sốt Mayonnaise,3,1,0.6,75,0,600,680,1
Nước cốt dừa,3,2,3,24,2,15,230,4
Bún gạo lứt,1,2,65,1,3,10,280,4
Bánh phở tươi,1,1.5,28,0.5,0.5,5,120,4
Bánh cuốn chay,1,2,30,2,1,100,150,4
Củ sắn (Củ đậu),1,0.7,9,0.1,5,4,38,4
Củ cải trắng luộc,1,0.6,4,0.1,1.6,21,18,4
Cà pháo muối,1,1,4,0,2,800,20,4
Dưa cải chua,1,1.5,2.5,0.2,2,600,15,4
Rau mầm,1,2,3,0.2,1.5,15,22,4
Rau ngót luộc,1,4,3,0,2.5,10,28,4
Cải thảo luộc,1,1.2,3.2,0.2,1.2,11,16,4
Su hào luộc,1,1.7,6.2,0.1,3.6,20,27,4
Súp lơ trắng luộc,1,1.9,4.1,0.3,2,15,25,4
Đậu bắp luộc,1,1.9,7.5,0.2,3.2,7,33,4
Khổ qua luộc,1,1,3.7,0.2,2.8,5,17,4
Bơ (Quả bơ),3,2,8.5,14.7,6.7,7,160,4
Xoài chín,1,0.8,15,0.4,1.6,1,60,4
Thanh long,1,1.2,13,0,3,0,60,4
Bưởi da xanh,1,0.7,9.6,0,1,1,38,4
Ổi,1,2.6,14,1,5.4,2,68,4
Thịt dê hấp,2,25,0,8,0,80,180,0
Thịt ếch xào,2,16,0,0.3,0,50,73,0
Lươn xào,2,18,0,11,0,60,180,6
Cá diêu hồng hấp,2,18,0,2.5,0,40,100,6
Cá trê kho,2,15,4,8,0,500,150,6
Cá kèo kho tộ,2,16,5,6,0,600,130,6
Cua đồng xay,2,15,1,2,0,100,85,6
Ốc hương hấp,2,14,4,1.5,0,120,90,6
Ốc móng tay xào,2,12,5,1,0,300,80,6
Bề bề hấp (Tôm tít),2,18,1,2,0,150,95,6
Chả cá thu,2,16,5,10,0,450,175,6
Thịt nai xào,2,22,0,3,0,50,120,0
Đùi đà điểu,2,22,0,2.5,0,60,115,0
Chân gà luộc,2,19,0,14,0,67,215,0
Lòng lợn luộc,2,14,0,10,0,50,150,0
Dồi sụn nướng,2,13,4,22,0,500,260,0
Tôm khô,2,65,0,2,0,1200,280,6
Ruốc thịt lợn (Chà bông),2,45,0,10,0,1000,270,0
Mắm tép,2,15,5,2,0,2500,100,6
Đậu gà luộc,1,9,27,2.6,7.6,7,164,4
Hạt óc chó,3,15,14,65,7,2,654,4
Hạt dưa,3,28,15,47,5,50,550,4
Hạt bí,3,30,10,49,6,18,574,4
Hạt chia,3,16,42,31,34,16,486,4
Dầu mè (10g),3,0,0,10,0,0,88,4
Mỡ lợn (10g),3,0,0,10,0,0,90,0
Phô mai Mozzarella,3,22,2,22,0,627,300,2
Sữa đặc có đường,1,8,54,9,0,130,321,2
Nước mắm (10ml),2,0.5,0.2,0,0,800,3,6
Nước tương (10ml),1,0.8,0.5,0,0,550,5,4
Sữa hạt macca,3,1,1,2.5,0,40,30,4
Thịt bò bít tết,2,26,0,8,0,55,185,5
Cá hồi nướng măng tây,2,22,4,12,2,350,210,6
Ức gà áp chảo mật ong,2,25,8,4,0,420,165,5
Tôm nướng muối ớt,2,20,1,2,0,850,110,6
Thịt bò sốt vang,2,18,6,12,1,500,210,5
Sườn heo nướng BBQ,2,16,10,18,0,650,280,5
Trứng ốp la (1 quả),2,6,0.6,5,0,70,72,1
Thịt thỏ luộc,2,21,0,8,0,45,170,5
Gan gà xào hành tây,2,17,4,6,1,380,140,0
Chân giò hầm thuốc bắc,2,15,5,18,2,400,250,5
Lưỡi lợn luộc,2,16,1,14,0,60,200,0
Cá chim nướng muối ớt,2,19,0,9,0,480,160,6
Cá tuyết hấp gừng,2,18,0,1,0,320,85,6
Sò điệp áp chảo,2,12,3,1,0,280,75,6
Mực rim me,2,15,20,5,1,950,185,6
Tôm hùm hấp,2,19,1,1,0,450,90,6
Chả tôm nướng,2,14,8,6,0,550,150,6
Thịt bê thui,2,20,0,5,0,80,130,5
Thịt ngựa khô,2,30,2,4,0,1200,170,0
Trứng muối (1 quả),2,7,1,8,0,700,110,1
Đậu nành non (Edamame),2,11,10,5,5,6,122,4
Hạt quinoa luộc,1,4.4,21,1.9,2.8,7,120,4
Gạo nếp cái hoa vàng,1,7,75,1.5,1,5,345,4
Khoai mỡ luộc,1,1.5,27,0.2,4,10,115,4
Khoai từ luộc,1,1.6,25,0.1,3,10,110,4
Hạt dẻ cười,3,20,28,45,10,1,560,4
Hạt macca,3,8,14,75,9,5,718,4
Hạt hướng dương,3,21,20,51,9,9,580,4
Hạt thông,3,14,13,68,4,2,670,4
Bột Whey Protein,2,25,2,1.5,0,150,120,1
Sữa chua dê,2,4,4,4,0,50,70,2
Sữa hạnh nhân không đường,3,1,1,2.5,1,150,30,4
Sữa óc chó,3,3,5,6,1,120,85,4
Phô mai Cheddar,3,25,1,33,0,650,400,2
Váng sữa (1 hũ),3,3,15,13,0,60,190,2
Kem tươi (Whipping cream),3,2,3,35,0,40,340,2
Nấm đùi gà xào,1,3,5,3,2,300,60,4
Nấm hương tươi,1,2.2,7,0.3,2.5,4,34,4
Rau cải chíp luộc,1,1.5,2,0.2,1,65,13,4
Rau bó xôi luộc,1,3,4,0.4,2.2,80,23,4
Măng tây nướng,1,2.2,4,2,2.1,150,40,4
Giá đỗ luộc,1,3,6,0.2,1.8,10,30,4
Khế chua,1,0.5,7,0.1,2.8,2,30,4
Dứa (Thơm),1,0.5,13,0.1,1.4,1,50,4
Dâu tây,1,0.7,8,0.3,2,1,32,4
Việt quất,1,0.7,14,0.3,2.4,1,57,4
Quả mâm xôi,1,1.2,12,0.6,6.5,1,52,4
Lựu,1,1.7,19,1.2,4,3,83,4
Kiwi,1,1.1,15,0.5,3,3,61,4
Mận Hà Nội,1,0.7,11,0.3,1.4,0,46,4
Vải thiều,1,0.8,17,0.4,1.3,1,66,4
Nhãn tươi,1,1.3,15,0.1,1.1,1,60,4
Sầu riêng,3,2.5,27,5,3.8,2,147,4
Mít chín,1,1.7,23,0.6,1.5,2,95,4
Măng cụt,1,0.4,18,0.6,1.8,7,73,4
Na (Mãng cầu ta),1,2.1,23,0.3,4.4,2,94,4
Chanh dây,1,2.2,23,0.7,10,28,97,4
Quả sung,1,0.8,19,0.3,2.9,1,74,4
Hồng giòn,1,0.6,18,0.2,3.6,1,70,4
Dưa lưới,1,0.8,8,0.2,0.9,16,34,4
Quả mơ,1,1.4,11,0.4,2,1,48,4
Cherry,1,1.1,16,0.3,2.1,0,63,4
Nước ép cần tây,1,1.5,4,0.2,1,120,25,4
Nước dừa tươi,1,0.7,3.7,0.2,1.1,25,19,4
Trà xanh không đường,1,0,0,0,0,0,0,4
Cà phê đen không đường,1,0.3,0,0,0,2,2,4
Bún dọc mùng,1,15,45,10,2,850,340,5
Bún măng vịt,1,20,50,15,3,950,420,5
Bánh đa cua,1,12,40,8,2,900,290,6
Hủ tiếu Nam Vang,1,18,55,12,2,1100,400,5
Bún chả (1 suất),2,25,60,18,2,1200,520,5
Bánh xèo (1 cái),1,10,35,15,2,800,320,5
Bánh mì chảo,1,22,50,25,1,1300,510,5
Bánh giò (1 cái),1,6,30,12,1,650,250,5
Xôi xéo (1 bát),1,8,70,12,3,450,420,4
Bánh bột lọc (10 cái),1,12,45,5,0,750,270,6
Nem nướng Nha Trang,2,20,40,15,3,1100,380,5
Mì Quảng,1,15,50,12,2,980,370,5
Bún riêu cua,1,12,45,10,2,1050,320,6
Bánh hỏi thịt nướng,1,18,55,15,2,950,430,5
Sushi cá hồi (6 miếng),1,12,35,6,1,450,250,6
Sashimi cá ngừ (5 miếng),2,15,0,1,0,50,75,6
Pizza hải sản (1 miếng),1,10,25,12,1,600,250,6
Pasta sốt bò băm,1,15,45,12,3,550,350,5
Salad ức gà dầu giấm,1,22,10,8,4,350,200,5
Bò kho bánh mì,1,20,55,15,3,1200,440,5
Cá cam nướng giấy bạc,2,19,2,10,0,450,175,6
Lòng bò luộc,2,14,0,12,0,70,165,0
Gân bò hầm,2,21,0,5,0,80,130,5
Sứa biển trộn gỏi,2,1,2,0.1,1,600,30,6
Rong biển khô (Nori),1,6,5,0.5,1,150,45,4
Rong nho tươi,1,1,1,0.1,1.5,450,15,4
Cải xoăn (Kale),1,3,9,1,4,30,50,4
Củ cải đỏ (Beetroot),1,1.6,10,0.2,2.8,78,43,4
Mướp đắng xào trứng,2,5,6,8,2.5,350,120,1
Đậu đũa luộc,1,2.5,8,0.2,3,5,45,4
Giá đỗ xào gan lợn,2,8,6,7,2,420,130,0
Măng tươi luộc,1,2,5,0.3,2.5,5,30,4
Rau dền đỏ xào tỏi,1,2,4,5,2.5,300,75,4
Rau càng cua,1,1.2,3.5,0.2,1,15,25,4
Cây dọc mùng,1,0.5,2,0,0.5,5,10,4
Bí ngòi (Zucchini),1,1.2,3,0.3,1,8,17,4
Đậu bắp nướng,1,2,7,3,3,150,65,4
Khoai môn luộc,1,1.5,26,0.1,4,11,112,4
Bánh giầy giò (1 cặp),1,8,45,10,1,600,300,5
Bún đậu mắm tôm,1,20,50,25,3,1500,530,5
Cơm tấm sườn bì chả,1,25,75,22,2,1300,610,5
Bánh cuốn nóng,1,10,40,12,1,750,310,5
Phở gà (Bát),1,18,45,10,1,1000,350,5
Mì tôm (1 gói nấu),1,9,50,15,1,1800,380,0
Xúc xích bò,3,14,3,25,0,900,300,0
Thịt nguội (Ham),2,18,1,5,0,1200,120,0
Pate gan lợn,3,12,4,28,0,700,320,0
Lạp xưởng tôm,3,16,15,25,0,1100,350,0
Thịt bò khô,2,35,15,5,1,1800,250,0
Cá chỉ vàng nướng,2,25,10,6,0,1500,200,6
Mực khô nướng,2,60,5,4,0,1500,300,6
Đậu phộng cốt dừa,3,15,30,40,6,450,540,4
Hạt điều màu,3,0,0,100,0,0,880,4
Dầu hướng dương,3,0,0,10,0,0,88,4
Dầu đậu nành,3,0,0,10,0,0,88,4
Sốt cà chua (Ketchup),1,1,25,0,0.5,900,100,4
Mù tạt (Mustard),3,4,5,3,3,1100,65,4
Giấm táo,1,0,1,0,0,2,2,4
Mật ong (1 muỗng),1,0,17,0,0,1,60,4
Đường phèn,1,0,100,0,0,1,390,4
Yến sào (1 chén),1,1,5,0,0,20,25,0
Sâm cao ly,1,0,1,0,0,2,5,0
Tả pì lù,1,12,15,10,2,650,200,5
Phá lấu bò,3,14,10,18,1,850,260,0
Bánh bao nhân thịt,1,10,45,12,1,600,330,5
Bánh tráng trộn,1,6,55,18,3,1200,410,5
Gỏi cuốn tôm thịt,1,10,25,6,2,450,190,5
Thịt kho tàu,3,15,5,25,0,800,305,5
Thịt chim bồ câu hầm,2,18,2,14,1,350,205,5
Vịt quay Bắc Kinh,3,19,5,28,0,600,350,5
Thịt cừu nướng,2,25,0,18,0,75,260,5
Gà ác tiềm thuốc bắc,2,22,3,12,2,400,210,5
Nước mắm nhỉ,2,2,1,0,0,1200,12,0
Muối vừng,3,3,3,8,2,250,95,4
Bơ lạt động vật,3,0.1,0.1,11,0,2,100,2
Sữa tươi nguyên kem,3,8,12,8,0,110,150,2
Sữa chua nha đam,1,3,18,2.5,0.5,55,105,2
Thịt ngan luộc,2,25,0,10,0,80,200,0
Cá basa phi lê,2,13,0,15,0,50,190,6
Cá lăng nướng,2,20,0,12,0,60,185,6
Tôm thẻ hấp,2,21,1,1,0,150,95,6
Cổ cánh gà luộc,2,18,0,14,0,70,210,0
Chả lợn nướng,2,15,5,20,0,450,260,0
Cá nục kho,2,22,2,8,0,600,170,6
Cá chép hấp,2,18,0,5,0,50,120,6
Sụn lợn luộc,2,16,0,12,0,65,175,0
Cá mòi đóng hộp,2,20,0,10,0,400,180,6
Mực nhồi thịt hấp,2,16,5,12,0,350,200,6
Tôm tẩm bột chiên,2,12,15,12,0,400,220,6
Cá viên chiên,2,14,10,12,0,500,210,6
Bò viên chiên,2,15,10,14,0,550,230,0
Thịt heo xông khói,2,14,1,40,0,1500,420,0
Sườn sụn rang muối,2,14,3,16,0,600,215,0
Trứng vịt lộn,2,14,1,12,0,100,180,3
Trứng cút lộn,2,15,2,11,0,120,175,3
Chả bò Đà Nẵng,2,18,5,15,0,650,230,0
Cá trắm đen kho,2,19,2,7,0,550,150,6
Ốc nhồi thịt hấp,2,15,4,10,0,350,170,6
Ghẹ xanh hấp,2,20,0,1,0,250,95,6
Hến xào hành tây,2,12,8,5,1,400,125,6
Bề bề rang muối,2,17,4,8,0,500,160,6
Dê tái chanh,2,23,2,6,0,300,165,0
Gà xé phay,2,22,5,5,1,350,160,0
Heo quay da giòn,2,14,0,30,0,450,335,0
Cá thát lát nhồi khổ qua,2,12,6,5,2,300,120,6
Lươn nướng ống tre,2,17,2,10,0,250,170,6
Tim lợn xào,2,16,2,6,0,150,130,0
Cật heo xào,2,15,1,4,0,120,105,0
Đuôi bò hầm,2,18,0,15,0,180,210,0
Nầm lợn nướng,2,12,0,25,0,350,280,0
Ba chỉ bò Mỹ,2,15,0,28,0,80,320,0
Cá ngừ đại dương sashimi,2,24,0,1,0,40,110,6
Trứng cá hồi,2,29,2,14,0,1500,250,6
Đùi cừu nướng,2,25,0,15,0,70,240,0
Mề gà xào,2,17,1,3,0,100,100,0
Tu hài nướng mỡ hành,2,15,2,8,0,300,140,6
Hàu nướng phô mai,2,10,5,12,0,400,168,6
Dầu dừa (10g),3,0,0,10,0,0,90,4
Bơ Ghee (10g),3,0,0,10,0,0,90,2
Bơ đậu phộng không đường,3,25,15,50,8,50,590,4
Bơ hạnh nhân,3,21,18,55,10,10,610,4
Hạt hồ đào (Pecan),3,9,14,72,10,0,690,4
Hạt phỉ (Hazelnut),3,15,16,60,9,0,620,4
Dầu hạt lanh (10g),3,0,0,10,0,0,90,4
Dầu quả bơ (10g),3,0,0,10,0,0,90,4
Dầu gấc (10g),3,0,0,10,0,0,90,4
Phô mai Parmesan,3,35,4,25,0,1500,390,2
Phô mai Brie,3,20,1,27,0,620,330,2
Phô mai Gouda,3,25,2,27,0,800,350,2
Mascarpone,3,4,3,40,0,50,400,2
Sốt bơ tỏi,3,1,5,45,0,600,420,1
Sốt mè rang,3,2,15,35,1,800,380,4
Nước cốt dừa đậm đặc,3,2,3,35,0,15,330,4
Kem chua (Sour cream),3,3,4,20,0,50,200,2
Bơ cacao (10g),3,0,0,10,0,0,90,4
Sốt TarTar,3,1,6,50,0,700,480,1
Mỡ bò (10g),3,0,0,10,0,0,90,0
Mỡ gà (10g),3,0,0,10,0,0,90,0
Dầu gạo lứt (10g),3,0,0,10,0,0,90,4
Sốt Hollandaise,3,3,2,55,0,400,520,3
Pate gan ngỗng,3,11,4,43,0,600,460,0
Hạt điều rang bơ,3,15,25,48,3,400,590,4
Đậu phộng rang tỏi ớt,3,23,20,45,8,650,560,4
Sữa dừa hộp,3,1,2,20,0,15,190,4
Chocolate đen 70%,3,7,45,42,10,20,590,4
Pizza Hải Sản Đặc Biệt Size L,1,45,152,40,8,1250,1150,6
Burger Bò Phô Mai Kép & Khoai Tây Chiên,3,38,101,55,6,1100,1050,0
Cơm Gà Xối Mỡ Đùi Góc Tư & Trứng Ốp La,3,35,94,48,4,1300,950,0
Mì Ý Carbonara Sốt Kem Thịt Xông Khói Lớn,1,30,95,42,5,980,880,0
Combo 1: Phở Đặc Biệt + 2 Quẩy + Cafe Sữa Đá,1,35,142,30,6,1800,980,0
Combo 2: Bún Chả Hà Nội + Nem Cua Bể + Nước Mía,1,32,121,45,5,1500,1020,0
Combo 3: Cơm Tấm Sườn Bì Chả + Canh Khổ Qua + Trà Sữa,1,40,140,42,10,1400,1100,0
Combo 4: Bánh Mì Thịt Nướng + Súc Sắc + Sữa Đậu Nành,1,28,106,35,7,1200,850,0
Combo 5: Lẩu Thái Một Người + Mì Gói + Coca Cola,1,30,128,32,8,2200,920,6
Combo 6: Gà Rán 2 Miếng + Khoai Tây + Kem Tươi,3,32,89,45,5,1150,890,0
Combo 7: Cơm Niêu Cá Kho + Rau Luộc + Chè Bưởi,1,25,147,30,12,1350,960,6
Combo 8: Mì Quảng Đặc Biệt + Bánh Đa + Nước Cam,1,28,114,28,6,1450,820,0
Combo 9: Bánh Xèo Nam Bộ (2 cái) + Nem Lụi + Nước Ngọt,3,22,110,50,7,1100,980,0
Combo 10: Sườn Nướng Tảng + Khoai Tây Nghiền + Salad,3,55,61,65,9,1600,1050,0
Combo 11: Bún Đậu Mắm Tôm Đầy Đủ + Nước Sấu Đá,1,35,92,40,8,1900,870,0
Combo 12: Cơm Rang Dưa Bò + Trứng Muối + Trà Chanh,1,28,114,38,6,1650,910,0
Combo 13: Hủ Tiếu Nam Vang Khô + Bánh Bao + Nước Sâm,1,26,129,30,5,1550,890,0
Combo 14: Bò Kho Bánh Mì (2 ổ) + Trà Đá Đường,1,40,116,35,8,1750,940,0
Combo 15: Cơm Gà Hội An + Gỏi Gà + Nước Ép Trái Cây,1,35,117,28,7,1300,860,0
Combo 16: Sushi Set Lớn + Súp Miso + Tempura,1,38,135,25,5,1850,920,6
Combo 17: Ramen Thịt Xá Xíu + Gyoza + Trà Xanh,1,42,125,38,6,2100,1010,0
Combo 18: Steak Bò Mỹ + Khoai Tây Chiên + Rượu Vang,3,50,67,70,5,1400,1100,0
Combo 19: Cơm Đùi Vịt Quay + Canh Rong Biển + Trà Sữa,1,45,123,45,6,1650,1080,0
Combo 20: Bún Bò Huế Đặc Biệt + Chả Huế + Nước Ngọt,1,38,120,35,7,2000,950,0
Combo 21: Cơm Sườn Bò Nướng + Kim Chi + Coca Cola,1,48,112,42,8,1800,1020,0
Combo 22: Mì Xào Giòn Hải Sản + Hoành Thánh Chiên,1,30,113,35,5,1500,890,6
Combo 23: Bánh Đa Cua Hải Phòng + Quẩy + Nước Mía,1,25,121,25,6,1700,810,6
Combo 24: Cơm Trắng + Cá Thu Chiên + Thịt Kho Tàu + Canh,3,50,113,55,7,1600,1150,0
Combo 25: Bánh Cuốn Nóng + Chả Quế + Trứng + Nước Cam,1,22,118,30,4,1300,830,0
Combo 26: Xôi Khúc + Giò Chả + Sữa Đậu Nành,1,20,118,25,5,1100,780,0
Combo 27: Gà Cay Phô Mai + Cơm Rong Biển + Coca Cola,3,45,106,55,6,1750,1100,0
Combo 28: Mì Cay Cấp Độ + Cá Viên Chiên + Trà Sữa,1,30,142,40,5,2200,1050,6
Combo 29: Cơm Chiên Dương Châu + Cánh Gà Chiên Mắm,1,35,106,45,4,1600,970,0
Combo 30: Bún Riêu Cua Ốc + Giò Heo + Nước Sâm,1,32,99,35,6,1850,840,0
Combo 31: Bánh Canh Cua + Quẩy + Chè Đậu Xanh,1,25,137,30,7,1500,920,6
Combo 32: Cơm Thịt Heo Quay + Dưa Muối + Trà Sữa Đá,3,35,110,50,5,1700,1030,0
Combo 33: Nui Xào Bò Lớn + Trứng Ốp La + Nước Ép,1,35,106,35,6,1400,880,0
Combo 34: Salad Cá Hồi + Bánh Mì Bơ Tỏi + Súp Bí Đỏ,3,32,69,45,12,1200,810,6
Combo 35: Cơm Trắng + Thịt Luộc + Tôm Rim + Canh Chua,1,45,113,35,8,1500,950,0
Combo 36: Bánh Mì Chảo Đặc Biệt + Patê + Cafe Sữa,3,30,89,48,5,1350,910,0
Combo 37: Mì Ý Sốt Bò Bằm + Gà Popcorn + Nước Ngọt,1,40,113,45,6,1550,1020,0
Combo 38: Cơm Thố Bò + Trứng Bắc Thảo + Trà Chanh,1,35,115,32,5,1600,890,0
Combo 39: Bún Mọc + Chả Lụa + Bánh Giò + Nước Mía,1,28,119,30,4,1450,860,0
Combo 40: Cơm Lam Gà Nướng + Rượu Cần (nhỏ) + Salad,1,42,113,40,10,1300,980,0
Combo 41: Bánh Hỏi Thịt Heo Quay + Nem Lụi + Nước Ngọt,1,30,108,45,6,1500,960,0
Combo 42: Miến Lươn Xào + Súp Lươn + Trà Đá,1,35,106,25,5,1400,790,6
Combo 43: Cơm Trắng + Khổ Qua Nhồi Thịt + Cá Chiên,1,40,105,40,9,1350,940,0
Combo 44: Pizza Phô Mai + Mì Ý Hải Sản + Coca Cola,1,45,142,50,8,1900,1200,6
Combo 45: Burger Gà + Khoai Tây Lắc + Kem McFlurry,1,28,110,42,6,1250,930,0
Combo 46: Bún Thịt Nướng + Chả Giò + Sinh Tố Bơ,3,25,114,48,8,1400,990,0
Combo 47: Cơm Gà Hải Nam + Lòng Gà + Nước Sâm,1,38,100,35,5,1300,870,0
Combo 48: Mì Vịt Tiềm + Đu Đủ Bào + Trà Sữa,1,45,127,40,7,1750,1050,0
Combo 49: Bò Né Đặc Biệt + Bánh Mì + Cafe Đá,3,42,70,52,4,1500,920,0
Combo 50: Cơm Rang Hải Sản + Mực Chiên Xù + Nước Cam,1,35,123,45,6,1600,1040,6
Bít Tết Thăn Lưng Bò Úc (300g),2,75,5,40,0,850,680,0
Cơm Trắng Bát Lớn (400g),1,10,120,2,2,10,538,0
Cá Hồi Nauy Áp Chảo Sốt Bơ Tỏi,3,45,10,48,2,600,652,6
Gà Quay Nguyên Con Cỡ Nhỏ,2,120,5,85,0,2500,1265,0
Sườn Cừu Nướng Sốt BBQ,3,50,15,65,1,1400,845,0
Mì Ý Sốt Kem Nấm Phô Mai,1,25,110,45,4,900,945,1
Bánh Mì Thập Cẩm Đặc Biệt (2 ổ),1,35,130,38,6,1500,1002,0
Thịt Ba Chỉ Heo Quay Giòn Rùm (500g),3,60,5,180,0,2200,1880,0
Ức Gà Áp Chảo Sốt Teriyaki (400g),2,110,15,12,2,1100,608,0
Bánh Pizza Phô Mai Gấp Đôi Size L,1,40,180,65,5,1800,1465,1
Combo 61: Cơm Thăn Bò + Trứng + Nước Cam,2,45,115,35,5,1450,955,0
Combo 62: Bún Đậu Lòng Lợn Đầy Đủ + Trà Đá,3,38,90,55,6,2100,1007,0
Combo 63: Cơm Gà Quay + Xá Xíu + Canh Tảo Biển,2,48,105,42,4,1600,990,0
Combo 64: Mì Ý Thịt Viên + Bánh Tiramisu + Soda,1,35,140,40,5,1300,1060,0
Combo 65: Bánh Mì Que (5 cái) + Trà Sữa Trân Châu,1,18,135,35,4,950,927,0
Combo 66: Cơm Tấm Sườn + Bì + Chả + Trứng + Cafe,1,45,120,52,7,1650,1128,0
Combo 67: Lẩu Đầu Cá Hồi + Mì Tôm + Nước Ngọt,3,42,95,48,8,2300,980,6
Combo 68: Burger Tôm + Khoai Tây Phô Mai + Kem,1,26,118,45,5,1200,981,6
Combo 69: Cơm Chiên Cá Mặn + Gà Chiên + Trà Chanh,1,38,112,40,4,1800,960,0
Combo 70: Bánh Đa Trộn Hải Sản + Nem Chua + Nước Mía,1,28,125,30,6,1550,882,6
Combo 71: Cơm Trắng + Sườn Xào Chua Ngọt + Canh + Chè,1,35,145,38,9,1400,1062,0
Combo 72: Mì Ramen Hải Sản + Sủi Cảo + Trà Xanh,1,40,118,35,6,1950,947,6
Combo 73: Bánh Canh Giò Heo + Quẩy + Sinh Tố Xoài,1,32,130,42,7,1500,1026,0
Combo 74: Cơm Đùi Gà + Salad Nga + Coca Cola,1,35,98,45,10,1350,937,0
Combo 75: Bò Lúc Lắc + Khoai Tây + Bánh Flan,3,42,85,55,5,1450,1003,0
Combo 76: Hủ Tiếu Xào Bò + Hoành Thánh Chiên + Sâm,1,35,115,38,4,1600,942,0
Combo 77: Cơm Niêu Gà Sốt Nấm + Rau Kho Quẹt,1,38,120,32,12,1450,920,0
Combo 78: Bún Chả Cá Quy Nhơn + Chả Ram + Nước Ép,1,30,110,28,5,1700,812,6
Combo 79: Pizza Gà Nướng + Cánh Gà BBQ + Nước Ngọt,1,48,125,48,6,1850,1124,0
Combo 80: Cơm Tàu Hũ Nhồi Thịt + Cá Kho + Canh Chua,2,45,110,38,8,1550,962,0
Combo 81: Bánh Ướt Chả Lụa + Thịt Nướng + Sữa Đậu,1,28,122,35,4,1400,915,0
Combo 82: Mì Quảng Ếch + Bánh Tráng + Nước Cam,1,32,115,25,6,1500,813,0
Combo 83: Cơm Rang Dưa Bò + Lạp Xưởng + Trà Sữa,1,35,138,45,5,1750,1097,0
Combo 84: Bún Mắm Miền Tây + Heo Quay + Nước Sâm,3,40,95,52,7,2400,1008,0
Combo 85: Phở Cuốn + Phở Chiên Phồng + Soda Chanh,1,25,145,40,6,1300,1040,0
Combo 86: Cơm Gà Xé + Lòng Gà + Trà Đào,1,38,110,32,5,1400,880,0
Combo 87: Bánh Mì Bít Tết + Khoai Tây + Cafe Sữa,3,42,88,58,4,1350,1042,0
Combo 88: Mì Ý Sốt Kem + Gà Fillet + Nước Ép Táo,1,40,115,42,6,1200,1000,0
Combo 89: Cơm Thịt Kho Trứng + Dưa Giá + Chè Thái,1,35,152,45,8,1600,1153,0
Combo 90: Bún Thang + Trứng Muối + Nước Mía,1,32,118,28,4,1850,852,0
Combo 91: Sushi Moriawase + Tempura + Miso,1,35,128,30,5,1700,922,6
Combo 92: Cơm Trắng + Bò Xào Cần Tây + Đậu Rán,2,42,108,35,9,1300,915,0
Combo 93: Bánh Hỏi Lòng Heo + Cháo Huyết + Nước Sâm,3,38,105,50,5,2000,1022,0
Combo 94: Mì Trộn Indomie 2 Gói + Trứng + Xúc Xích,1,25,110,48,3,1800,972,0
Combo 95: Cơm Sườn Bò + Kim Chi + Súp Hải Sản,2,48,112,42,7,1750,1018,6
Combo 96: Bún Chân Giò + Quẩy + Sữa Bắp,3,35,115,55,5,1900,1095,0
Combo 97: Cơm Trắng + Gà Kho Gừng + Canh Bí Đao,1,40,110,32,8,1350,888,0
Combo 98: Spaghetti Hải Sản + Bánh Garlic + Soda,1,32,125,38,6,1450,970,6
Combo 99: Cơm Gà Teriyaki + Trứng Hấp + Trà Sữa,1,42,130,35,5,1500,1003,0
Combo 100: Bánh Xèo + Nem Lụi + Bún Thịt Nướng,3,35,118,58,10,1650,1134,0
Combo 101: Cơm Thăn Lợn Chiên Xù + Súp Miso + Kem,3,38,105,52,5,1400,1040,0
Combo 102: Miến Trộn Hàn Quốc + Gà Viên + Coca,1,30,122,38,7,1700,950,0
Combo 103: Cơm Trắng + Tôm Rang Muối + Cải Xào,2,45,108,32,10,1600,899,6
Combo 104: Bánh Canh Ghẹ + Chả Cá + Nước Ép Cam,1,32,115,28,6,1800,840,6
Combo 105: Cơm Cuộn Cá Hồi + Salad + Trà Xanh,1,35,110,35,12,1350,895,6
Combo 106: Bò Nhúng Giấm + Bún + Rau Sống + Nước Ngọt,2,48,118,30,15,2200,934,0
Combo 107: Cơm Trắng + Cá Thu Nhật + Canh Chua,3,38,110,48,8,1550,1024,6
Combo 108: Mì Vằn Thắn + Sủi Cảo + Cafe Sữa Đá,1,35,125,38,5,1750,982,0
Combo 109: Cơm Rang Trứng + Cánh Gà + Chè Đậu,1,32,145,45,6,1600,1113,0
Combo 110: Bánh Mì Pate Xúc Xích + Trứng + Sữa,3,35,102,52,4,1450,1016,0
Combo 111: Cơm Chay Gạo Lứt Đậu Hũ Tứ Xuyên + Canh Nấm + Sữa Hạt Điều,1,32,115,38,18,850,930,4
Combo 112: Thăn Lưng Bò Áp Chảo (400g) + Trứng Luộc + Salad Ức Gà,2,95,20,50,8,950,910,4
Cơm tấm trắng,1,4,30,0.5,0.5,5,140,4
Bún nưa (Shirataki),1,0.5,2,0,2,5,10,4
Bánh mì nguyên cám,1,10,40,2,6,250,218,4
Bánh bao chay,1,5,35,2,2,150,178,4
Miến đậu xanh,1,0.5,80,0.5,2,15,326,4
Khoai lang tím luộc,1,2,27,0.2,4,15,117,4
Sắn dây luộc,1,1.5,38,0.2,3,5,159,4
Bánh canh bột lọc,1,1,45,0.5,1,100,188,4
Mì soba luộc,1,5,21,0.5,3,60,108,4
Mì udon luộc,1,3,26,0.5,1,150,120,4
Cơm chiên tỏi,1,4,35,10,1,350,246,4
Bún xào chay,1,5,40,8,3,400,252,4
Khoai sọ luộc,1,1.5,25,0.2,3,10,107,4
Ngô ngọt luộc,1,3,19,1.2,2,15,98,4
Tôm sú nướng,2,24,1,2,0,350,118,6
Mực nướng sa tế,2,18,4,3,0,500,135,6
Cồi sò điệp nướng,2,20,3,1,0,300,101,6
Chả mực Hạ Long,2,16,8,10,0,600,186,6
Cá hồi hấp xì dầu,2,22,2,12,0,400,204,6
Ếch rang muối,2,18,5,8,0,600,164,0
Thịt thỏ nướng,2,22,0,8,0,150,160,0
Chân giò luộc,2,20,0,25,0,80,305,0
Lõi rùa bò luộc,2,25,0,7,0,60,163,0
Gà ta luộc,2,23,0,10,0,75,182,0
Sườn sụn nướng,2,18,2,15,0,500,215,0
Tim gà xào mướp,2,15,6,8,2,350,156,0
Gan bò áp chảo,2,20,4,5,0,200,141,0
Trứng cút ốp la,2,13,1,12,0,150,164,3
Lòng đỏ trứng muối,2,16,2,26,0,1200,306,3
Sữa chua uống,2,3,12,2,0,40,78,2
Váng sữa vị vani,3,3,15,12,0,50,180,2
Sữa đậu gà,2,4,8,2,2,30,66,4
Đậu hũ non sốt nấm,2,6,5,3,2,200,71,4
Chả chay đậu xanh,2,10,15,8,3,400,172,4
Thịt viên chay đậu nành,2,15,10,6,4,450,154,4
Nấm đùi gà nướng bơ,1,4,8,5,3,200,93,4
Nấm tuyết xào chua ngọt,1,2,12,2,4,300,74,4
Măng tây luộc,1,2.5,4,0.2,2,15,27,4
Cải bó xôi xào tỏi,1,3,5,4,3,350,68,4
Rau muống xào chao,1,4,6,5,3,500,85,4
Bắp cải xào cà chua,1,2,8,3,3,300,67,4
Bí đao luộc,1,0.5,3,0.1,1,5,14,4
Quả lê,1,0.4,15,0.1,3,1,62,4
Quả dứa (thơm),1,0.5,13,0.1,1.5,1,54,4
Quả đào,1,0.9,10,0.2,1.5,0,45,4
Nho khô,1,3,79,0.5,4,10,332,4
Hạt sen sấy,1,18,60,2,6,50,330,4
Trà kombucha,1,0.1,7,0,0,10,28,4
Sinh tố bơ chuối,1,3,30,12,5,30,240,4
Mỡ dừa,3,0,0,100,0,0,900,4
Combo 113: Cơm Gà Rang Muối + Canh Rau Ngót + Trà Tắc,1,35,120,40,5,1500,980,0
Combo 114: Bún Bò Nam Bộ + Trà Đá + Sữa Chua,1,42,110,35,6,1600,923,0
Combo 115: Phở Gà Trộn + Quẩy + Trà Sữa Size M,1,38,150,45,4,1800,1157,0
Combo 116: Cơm Rang Dưa Lòng + Trà Chanh,1,30,130,50,5,1900,1090,0
Combo 117: Mì Ý Sốt Pesto + Ức Gà Nướng + Nước Ép Dứa,1,45,100,35,8,1200,895,0
Combo 118: Steak Cá Hồi + Khoai Tây Nghiền + Măng Tây,2,40,60,45,7,1100,805,6
Combo 119: Bún Dọc Mùng Chân Giò + Nước Vối,1,35,100,55,4,1400,1035,0
Combo 120: Bánh Đa Cua + Nem Rán + Trà Tắc,1,28,115,42,5,1700,950,0
Combo 121: Cơm Tấm Chả Cua + Bì + Trứng Opla,1,40,125,48,4,1850,1092,0
Combo 122: Bánh Canh Chả Cá + Sinh Tố Bơ,1,25,110,38,6,1500,882,6
Combo 123: Hủ Tiếu Nam Vang + Xíu Mại + Trà Đá,1,38,105,35,4,1600,887,0
Combo 124: Bánh Mì Bò Kho + Cafe Sữa Đá,1,42,120,45,5,1500,1053,0
Combo 125: Cơm Niêu Thịt Kho Tiêu + Canh Chua Cá Mát,1,36,130,38,6,1750,1006,6
Combo 126: Bún Đậu Trộn Mắm Tôm + Chả Cốm + Nước Chanh,1,45,100,40,7,2100,940,0
Combo 127: Cơm Cuộn Kimbap + Tteokbokki + Sữa Chuối,1,30,160,25,5,1400,985,0
Combo 128: Gà Rán 2 Miếng + Khoai Tây Lắc + Cola,3,40,140,55,4,1900,1215,0
Combo 129: Pizza Phô Mai Tiêu Đen + Cánh Gà BBQ + 7Up,3,45,130,50,4,2000,1150,0
Combo 130: Bánh Ướt Lòng Gà + Nước Sâm Xào,1,35,105,30,3,1300,830,0
Combo 131: Bún Chả Quạt + Bánh Tôm + Nước Mía,1,38,140,45,5,1650,1117,0
Combo 132: Cơm Thịt Rang Cháy Cạnh + Canh Mùng Tơi,1,35,120,55,6,1800,1115,0
Combo 133: Mì Trộn Tóp Mỡ + Trứng Lòng Đào + Sữa Đậu,1,30,110,48,4,1500,992,0
Combo 134: Lẩu Bò Mini + Mì Tôm + Coca,2,48,120,40,5,2200,1032,0
Combo 135: Cơm Gà Cà Ri + Bánh Naan + Trà Đào,1,45,130,42,6,1700,1078,0
Combo 136: Bánh Xèo Miền Trung + Nem Lụi + Nước Ép Ổi,1,32,110,45,5,1600,973,0
Combo 137: Cháo Lòng + Dồi Sụn + Trà Đá,1,35,90,48,3,1800,932,0
Combo 138: Miến Lươn Trộn + Nước Ép Cà Rốt,1,32,105,28,4,1400,800,6
Combo 139: Bún Thái Hải Sản + Nước Chanh Sả,1,40,115,25,5,1900,845,6
Combo 140: Mì Quảng Ếch + Bánh Đa Dày + Nước Ép Cam,1,38,125,32,6,1500,940,0
Combo 141: Bò Né Khổ Qua + Bánh Mì + Cafe Đen,2,45,95,40,5,1600,920,0
Combo 142: Súp Cua Trứng Bắc Thảo + Óc Heo + Sữa Đậu,1,42,85,48,4,1550,940,0
Combo 143: Cơm Chiên Kim Chi + Trứng Opla + Canh Rong,1,28,120,35,6,1700,907,3
Combo 144: Bánh Cuốn Trứng + Chả Quế + Nước Ép Lựu,1,30,100,35,4,1400,835,0
Combo 145: Bún Nước Lèo + Heo Quay + Nước Dừa,1,40,105,42,5,1900,958,0
Combo 146: Phở Khô Gia Lai + Súp Bò Viên + Trà Tắc,1,45,120,38,4,1850,1002,0
Combo 147: Cơm Lươn Nhật Unadon + Miso + Mochi,1,35,130,30,4,1600,930,6
Combo 148: Salad Ức Gà Xông Khói + Khoai Lang + Trà Xanh,2,42,80,20,9,1100,668,0
Combo 149: Bún Quậy Phú Quốc + Nước Mía,1,38,110,22,4,1300,790,6
Combo 150: Bánh Bột Lọc + Chả Bò + Sữa Chua,1,30,115,35,3,1500,895,0
Combo 151: Cơm Thố Hải Sản + Salad Giấm + Trà Sâm,1,38,110,28,6,1450,844,6
Combo 152: Bún Cá Cay Hải Phòng + Nước Vối,1,35,105,26,5,1600,794,6
Combo 153: Bánh Mì Heo Quay + Bánh Su Kem + Trà Đá,1,30,125,50,4,1500,1070,0
Combo 154: Cơm Lứt Nấm Kho + Canh Chua Chay + Nước Thơm,1,25,135,22,8,1200,838,4
Combo 155: Sushi Cá Ngừ + Cuộn Cá Hồi + Rượu Sake,1,45,120,28,4,1500,912,6
Combo 156: Bò Sốt Vang + Bánh Mì + Trà Chanh,1,42,140,45,5,1700,1133,0
Combo 157: Mì Xào Giòn Chay + Sinh Tố Xoài,1,20,145,35,6,1400,975,4
Combo 158: Lẩu Cá Kèo + Bún + Trà Tắc,2,40,115,32,5,1800,908,6
Combo 159: Cơm Gà Tiềm Ớt Hiểm + Rau Cải Luộc,2,48,110,45,6,1650,1037,0
Combo 160: Bánh Đa Xào Bò Cần Tây + Nước Ép Ổi,1,42,115,38,7,1500,970,0
Combo 161: Bún Thit Nướng Chay + Nem Chay + Trà Đào,1,28,130,32,7,1400,920,4
Combo 162: Cơm Trắng + Tôm Rang Thịt + Canh Bí Đao,1,38,120,55,5,1600,1127,0
Bánh xèo chay,1,5,30,10,2,200,230,4
Gỏi cuốn chay,1,3,20,2,1,100,110,4
Cơm chiên chay,1,5,45,8,3,300,272,4
Bún măng chay,1,6,40,5,4,350,229,4
Phở chay,1,5,45,4,3,400,236,4
Nấm kim châm xào cay,1,3,10,5,4,250,97,4
Đậu bắp xào tỏi,1,2,7,3,3,150,63,4
Canh chua chay,1,3,12,2,2,300,78,4
Súp bí đỏ bơ cốt dừa,1,2,15,8,3,200,140,4
Salad bắp cải tím,1,1,8,4,2,50,72,4
Hạt dẻ cười rang muối,3,20,28,45,10,300,597,4
Nước ép táo cần tây,1,1,15,0,1,30,64,4
Cà phê sữa hạnh nhân,1,1,8,3,0,40,63,4
Bánh quy yến mạch,1,4,20,7,3,100,159,4
Kẹo lạc (Đậu phộng),1,5,25,12,2,10,228,4
Sữa ngô (bắp),1,2,20,3,1,20,115,4
Cháo yến mạch bí đỏ,1,4,25,2,3,50,134,4
Rong biển cháy tỏi,1,4,10,15,5,400,191,4
Đậu phộng rang húng lìu,3,25,16,49,8,200,605,4
Cá kèo nướng muối ớt,2,15,1,6,0,350,118,6
Tôm hùm đất xào Cajun,2,18,5,10,0,450,182,6
Mực một nắng nướng,2,22,2,4,0,300,132,6
Ốc móng tay xào me,2,12,10,6,0,400,142,6
Cua lột chiên giòn,2,14,8,15,0,350,223,6
Bề bề rang me,2,16,12,5,0,380,157,6
Sò lụa hấp thái,2,15,4,2,0,450,94,6
Chả cá Lã Vọng,2,18,5,15,1,300,227,6
Nem cua bể,2,12,15,18,1,250,270,6
Cá tầm nướng riềng mẻ,2,17,2,12,0,280,184,6
Thịt thỏ xào sả ớt,2,21,4,8,0,320,172,0
Ếch xào măng,2,16,6,5,1,350,133,0
Bò lúc lắc,2,22,6,12,0,300,220,0
Gà hầm sâm,2,25,5,10,1,250,210,0
Chân gà sả tắc,2,14,8,6,0,500,142,0
Dê xào lăn,2,20,5,15,1,400,235,0
Vịt om sấu,2,18,6,20,1,450,276,0
Lòng bò xào dưa,2,15,8,18,2,500,254,0
Thịt heo quay lá mắc mật,2,16,2,25,0,400,297,0
Sườn non ram mặn,2,18,10,18,0,500,274,0
Chim cút chiên bơ,2,15,2,20,0,300,248,0
Bê thui Cầu Mống,2,22,0,6,0,200,142,0
Heo rừng xào sa tế,2,20,4,12,0,350,204,0
Giò thủ (Giò xào),2,15,2,28,0,450,320,0
Nem chua Thanh Hóa (100g),2,22,5,3,0,600,135,0
Chả ram tôm đất,2,10,20,15,1,300,255,0
Súp gà ngô non,1,8,15,4,1,250,128,0
Cháo hàu,1,10,25,5,1,300,185,6
Trứng hấp mộc nhĩ,2,12,4,10,1,250,154,3
Trứng vịt lộn hầm ngải cứu,2,14,5,12,1,200,184,3
Sữa chua trân châu cốt dừa,1,4,25,10,1,80,206,2
Combo 163: Cơm Gạo Lứt Bò Lúc Lắc + Canh Rong Biển + Trà Ô Long,1,35,90,25,6,1200,725,0
Combo 164: Phở Bò Chín + Quẩy (2 cái) + Sữa Đậu Nành,1,40,110,30,4,1800,870,0
Combo 165: Bún Mọc Dọc Mùng + Bánh Rán + Nước Mía,1,32,130,35,5,1500,963,0
Combo 166: Cơm Rang Dưa Bò Lõi Rùa + Canh Cải + Trà Tắc,1,45,120,40,6,1900,1020,0
Combo 167: Mì Ý Sốt Cà Chua Thịt Băm + Khoai Tây Chiên + Coca,1,30,140,45,5,1700,1085,0
Combo 168: Gà Không Lối Thoát (1/2 con) + Gỏi Gà + Sữa Ngô,2,60,150,50,4,2100,1290,0
Combo 169: Cơm Gà Cơm Nếp + Đùi Gà Nướng + Kim Chi,1,42,110,35,3,1600,923,0
Combo 170: Bún Bò Huế Sụn Bò + Chả Cua + Sinh Tố Bơ,1,48,125,42,6,2200,1070,0
Combo 171: Cơm Chiên Bò Lúc Lắc + Súp Bí Đỏ + Trà Đào,1,38,135,40,5,1500,1052,0
Combo 172: Bánh Mì Dân Tổ + Trà Sữa Nướng + Pudding,1,35,150,55,3,1800,1235,0
Combo 173: Cơm Chay Khổ Qua Nhồi Hạt Sen + Canh Chua + Chè Mè Đen,1,25,140,20,8,1200,840,4
Combo 174: Lẩu Nấm Chay Dưỡng Sinh + Miến Dong + Nước Ép Táo,1,30,120,15,10,1500,735,4
Combo 175: Bún Riêu Chay + Đậu Hũ Chiên Giòn + Sữa Hạnh Nhân,1,28,110,25,6,1600,777,4
Combo 176: Cơm Gạo Lứt Cuộn Rong Biển Chay + Súp Miso + Trà Xanh,1,22,95,18,5,1300,630,4
Combo 177: Pizza Chay Rau Củ + Khoai Tây Nghiền + 7Up,1,25,130,35,7,1400,935,4
Combo 178: Cá Lóc Nướng Trui + Bánh Tráng + Mắm Nêm + Nước Khế,2,55,80,20,8,2000,720,6
Combo 179: Lẩu Thái Cua Biển + Bún Tươi + Trà Đá,1,45,115,25,4,2500,865,6
Combo 180: Cơm Tấm Mực Nướng Sa Tế + Trứng Chiên + Canh Ngót,1,40,105,30,5,1700,850,6
Combo 181: Bún Hải Sản Bề Bề + Nem Hải Sản + Sinh Tố Dừa,1,42,120,38,5,1900,990,6
Combo 182: Miến Cua Cà Mau Xào + Súp Bào Ngư + Nước Ép Lựu,1,48,90,22,6,1800,750,6
Combo 183: Cơm Văn Phòng Gà Xào Sả Ớt + Canh Bí + Chè Cốm,1,35,130,25,4,1500,885,0
Combo 184: Cơm Văn Phòng Thịt Kho Trứng + Canh Rau Cải + Sữa Chua,1,38,110,35,3,1600,907,0
Combo 185: Cơm Văn Phòng Cá Hú Kho Tộ + Rau Luộc + Trái Cây,1,30,115,30,5,1400,850,6
Combo 186: Bún Đậu Chả Cốm + Thịt Luộc + Sữa Bắp,1,45,100,48,5,2100,1012,0
Combo 187: Bún Nem Rán Hà Nội + Chả Lụa + Trà Tắc,1,32,110,40,4,1800,928,0
Combo 188: Cơm Gạo Lứt Ức Gà Áp Chảo + Bông Cải Xanh + Nước Ép Cam,1,45,70,12,8,900,568,0
Combo 189: Salad Quinoa Cá Hồi Xông Khói + Bơ + Nước Ép Cần Tây,1,38,55,28,10,1100,624,6
Combo 190: Bò Bít Tết Thăn Ngoại + Khoai Tây Bỏ Lò + Vang Đỏ,2,50,65,45,5,1400,865,0
Combo 191: Cơm Lươn Nướng Nhật + Súp Miso + Trứng Hấp Chawanmushi,1,35,100,32,2,1600,828,6
Combo 192: Sashimi Tổng Hợp + Cơm Nắm + Tempura Rau Củ,1,40,95,25,4,1500,765,6
Combo 193: Bánh Cuốn Lạng Sơn + Chả Quế + Nước Vối,1,28,90,25,3,1400,697,0
Combo 194: Phở Trộn Chua Ngọt + Bò Xào + Trà Chanh,1,35,120,30,4,1600,890,0
Combo 195: Bánh Mì Thổ Nhĩ Kỳ (Doner Kebab) + Khoai Tây + Cola,1,32,135,45,5,1700,1073,0
Combo 196: Bún Giò Heo Nấu Giả Cầy + Rau Sống + Trà Đá,1,42,105,48,6,1800,1020,0
Combo 197: Cơm Trắng Dê Tái Chanh + Canh Khoai Sọ + Nước Sâm,1,40,110,35,5,1500,915,0
Combo 198: Xôi Mặn Thập Cẩm + Lạp Xưởng + Trứng Úp + Trà Sữa,1,38,140,45,3,1800,1117,0
Combo 199: Cháo Ếch Singapore (2 thố) + Bánh Mì Tỏi + Nước Ép Dưa Hấu,1,45,125,20,4,1900,860,0
Combo 200: Gà Rán Sốt Cay Hàn Quốc + Tokbokki Phô Mai + Soju,1,40,145,48,5,2000,1172,0
Combo 201: Cơm Trộn Bibimbap Thịt Bò + Canh Kim Chi + Nước Ép Nho,1,35,115,28,6,1700,852,0
Combo 202: Mì Cay Khổng Lồ 7 Cấp Độ + Trà Sữa Size L,1,32,160,40,5,2200,1128,0
Combo 203: Bánh Canh Ghẹ Nguyên Con + Chả Ghẹ + Sinh Tố Dâu,1,48,110,25,4,1850,857,6
Combo 204: Hủ Tiếu Xào Bò Cật + Canh Hẹ + Sữa Đậu Xanh,1,45,120,38,5,1600,1002,0
Combo 205: Bò Né 3 Ngon Dày Bít Tết + Pate + Trứng + Bánh Mì + Cola,2,55,105,50,4,1950,1090,0
Combo 206: Bún Cá Ngừ Đại Dương Kho Thơm + Rau Lòng + Trà Đá,1,42,95,22,5,1700,746,6
Combo 207: Cơm Âm Phủ Huế + Nem Nướng + Nước Mơ,1,38,110,32,5,1650,880,0
Combo 208: Bánh Đa Lươn Đồng Nghệ An + Súp Lươn + Nước Ép Táo,1,45,100,25,4,1500,805,6
Combo 209: Lẩu Bò Nhúng Dấm + Bún Trái Cây + Trà Tắc,1,50,115,35,6,2100,975,0
Combo 210: Cơm Chay Kho Quẹt Rau Luộc + Đậu Hũ + Sữa Đậu,1,25,125,18,9,1400,762,4
Combo 211: Nấm Hương Nhồi Đậu Phụ Chiên + Canh Bí Chay + Nước Mía,1,28,110,22,6,1300,750,4
Combo 212: Cơm Gạo Lứt Chả Tôm + Canh Cải Xanh + Nước Ép Thơm,1,35,95,15,6,1200,655,6